coord_x,coord_y,category
27.408264175585373,431.37987943769747,a
93.324118520584,425.0868043381494,a
66.86239940991709,407.5762906423107,a
101.95975502592381,465.4435420801883,a
109.01535584245936,436.4998334472636,a
148.22995846939747,444.19280938388306,a
132.92038294385398,436.1695317612694,a
164.93414711463944,416.4290225775413,a
135.71267095455394,415.2692105216769,a
112.93008488575411,406.48541731180103,a
122.10063043191882,425.8237762577683,a
87.42517558016254,421.50817151253153,a
103.07008786867672,379.8335288652744,a
139.90066188793514,357.6917672977931,a
106.44020988017017,368.7753094648803,a
81.37632368555089,341.1100894800793,a
143.17931225966916,371.14917410334226,a
131.82030468830072,386.15252421396974,a
63.935783566919,331.3923711171502,a
90.2607076569296,344.7454892793353,a
84.54252464430067,330.5265038807646,a
97.5509306369438,356.9749901346678,a
97.92056796955106,356.24054639238517,a
102.3033559132651,267.5441364663344,a
86.64099739900918,299.5892988659298,a
78.65688727488144,291.39264906567195,a
93.02337635205645,329.18681264507177,a
103.6736367741136,304.9783160887399,a
98.3420660782716,278.57756367837897,a
111.99337922336339,288.25501355472215,a
96.13051624284084,272.9639418508135,a
102.53049252915477,302.802177706616,a
107.04696292011307,228.11230662455085,a
128.82718075252134,316.87640000198877,a
83.89066814628447,260.21678575749075,a
117.24128246072894,275.25450537259564,a
108.81632679516461,213.95335750973163,a
81.75500891498737,249.5739838920166,a
110.02807548845747,198.22190412227508,a
131.26889508692528,215.34932004106918,a
103.36684830039216,222.35671224493956,a
78.5927653521613,200.3060849946873,a
134.3373436144126,194.72486376242512,a
93.66245975746433,215.37440925823512,a
82.3284155930632,215.7583493460105,a
37.768037642053734,178.85478059691764,a
64.00600181246452,232.99423888117082,a
107.74164702361068,188.68735817837643,a
86.85767425785588,222.85959710140082,a
55.726764655265534,191.4946814538734,a
65.3817568154625,174.05689379816891,a
102.73220748647688,181.4466688329274,a
132.85435167104987,208.15888934994211,a
88.07510953013947,176.7433400085327,a
128.11530126315535,180.89949093405818,a
80.85817804093446,142.5927053185938,a
75.67879697178938,128.74747724516783,a
58.98154881934737,233.93566810668574,a
80.38566891931576,175.74007261315353,a
49.658715504962686,186.47933657898574,a
39.663319295537924,149.23802237626785,a
76.3672957524203,165.8765925703264,a
57.76352041902539,179.32803820965603,a
66.76643630206195,128.0617919898932,a
98.66102154306837,184.80096124031337,a
43.435139508160134,142.27064883559058,a
84.02581369085823,148.58995979363812,a
58.770243745001885,154.81017139213537,a
54.41489677480844,171.8017443132287,a
53.8485062217936,122.13566920681217,a
146.15665617579018,134.29487396984194,a
86.63786523577677,140.36783077933188,a
63.58400736638157,114.87103024213377,a
76.36547704882662,148.5002318449492,a
66.10570228389335,153.22855551391916,a
85.18024894398947,113.07378182958007,a
117.17386242118695,121.00210472719175,a
70.57143066719966,132.07520420138883,a
89.51089943066239,143.53266935651686,a
87.31018299949042,125.6308440645098,a
106.45029946022983,138.82164991048705,a
95.84440187164935,145.76935120659704,a
56.23677951011723,152.05343625356915,a
63.8274814132444,134.16058107681738,a
80.37982861348193,133.91444251974184,a
108.05625230018703,172.37255614907303,a
57.94022431617319,136.82973367813838,a
130.56726887528242,147.21536814481834,a
34.300813992477465,133.75598529581765,a
87.09252648967453,80.57851068522314,a
105.0825138351878,106.86420898309916,a
104.33089919348366,73.3877598717014,a
69.34080915188693,115.47815875605812,a
98.21146422959573,149.64432357401745,a
76.86858486584076,96.78124919033513,a
113.5323506492526,166.1524642821584,a
61.497516029580645,123.77248136667998,a
99.4251863569013,151.08433498464177,a
113.00332298123233,98.46610500897935,a
115.80312292264944,106.32426746861927,a
173.81485031369175,111.88927091346454,a
97.01488794427124,125.80134943417016,a
125.73208738021943,155.05294725406645,a
103.32822164528761,135.16437082176327,a
113.62241555558909,166.02561881437737,a
94.76290350693718,66.0155266871501,a
126.93438902437771,106.18695798454377,a
124.60495980989899,139.045887929481,a
99.14043427998388,129.3108129840645,a
151.17916919475806,114.16867739264393,a
101.59120203735162,109.62842557342697,a
114.99445541996927,67.03547322468415,a
103.2174788697165,87.69011099856903,a
80.74386576919298,66.49727911381223,a
114.15259042914613,103.15312215842471,a
21.73153145007619,123.03861568570568,a
112.45500848142059,58.470498960279144,a
58.37278099572566,90.09922185059537,a
88.81634248171373,120.19574035920493,a
69.46054312350836,71.59827844840038,a
63.17397764100166,99.13915089655626,a
63.76611879474831,89.1908502859983,a
107.72040496267614,66.74309452555019,a
89.23146844320244,131.07724488875778,a
88.30816002385978,79.73113787799468,a
71.44651973822654,91.01445137940237,a
90.21352096115966,86.24726434115837,a
83.90756941131323,113.13123097290821,a
113.50904530832459,110.14445619854723,a
119.43637859560727,124.3470650635615,a
146.24345432940356,85.29588497232686,a
148.9165519437245,95.6709701096712,a
150.83177347671435,113.31315953917351,a
153.78368293417745,143.6945880808293,a
167.71544442222128,161.54895230303856,a
150.7828267719196,116.5952333553862,a
145.38287580382624,155.66873049597723,a
153.9477742108293,157.40660384368624,a
192.6810336231718,217.18032670225892,a
169.77962385559914,230.5228768955484,a
167.5042298764262,235.84512150724345,a
157.97693164287114,223.92247592806063,a
138.71633784249963,220.65519178801912,a
145.83799680673,210.46168154284942,a
143.5640170544545,185.56303123759426,a
125.71346424547102,172.65127030984058,a
152.98363090691998,221.41458224104053,a
119.32365803377441,194.71428222309657,a
119.46784698830889,204.09162426223043,a
121.89211379721716,131.67687734007876,a
116.66347754953536,212.7943903716258,a
190.74839631970542,146.982709939938,a
147.02397341226208,241.69668632223824,a
145.5202969535937,210.59263285603805,a
164.65419362923637,258.63194786465647,a
134.45670736082357,224.97587956051228,a
92.79103821209779,204.54773735286244,a
98.14852271496645,278.5282072455144,a
108.01620363137998,221.41267532880812,a
54.64328292909043,286.8870312937761,a
97.2238366722193,231.47964834788536,a
89.35218958279738,310.4588937273777,a
133.3679979267299,292.00602365825375,a
92.5443594767611,302.17417053535155,a
108.25804051980074,308.63827253076,a
69.77989873620264,280.94797169789814,a
78.39367083468474,304.4728282285516,a
76.13474901318943,290.1993763742628,a
80.35796230439003,312.20229475084284,a
163.2659364574357,327.8587383286553,a
123.5152978947097,332.55945731158675,a
102.68943086940558,293.01572467601807,a
104.56012369972551,357.8336288148511,a
100.80091385740717,322.61267724683665,a
115.50368760712513,377.18607062191245,a
128.3358179318109,324.00122097784936,a
127.66397377961567,363.3590097012137,a
163.02513065421564,342.2225208862,a
129.47721591130212,328.1274409682512,a
91.88022188064144,332.0994708686621,a
116.63747629268654,365.7402323940149,a
94.97009256666459,323.8228441590495,a
116.85060447479763,372.5928679436755,a
121.35987469443835,377.6332202808363,a
83.8356953430452,376.10792014737194,a
114.54900765720427,381.45820939894156,a
101.5205614065915,359.90087791436525,a
112.82186435782035,417.4320861593897,a
119.68821440659444,366.1791378211813,a
72.96520481444418,379.58797668425,a
144.18584819024255,364.332713058165,a
78.84990144611436,399.57141489733385,a
100.00942007038091,397.3121280947198,a
71.17121866028154,413.89385423073225,a
67.17808432609286,413.3411842596803,a
115.57425009558096,408.9618621317462,a
69.3274809142151,398.7213108453697,a
120.40074886696816,390.7132669305275,a
102.06202854116863,429.83096719478726,a
112.20425868318736,444.3483269704884,a
91.5583103660796,416.49310360807056,a
66.28893435956269,419.77330017814216,a
94.61489962336691,361.26063442132954,a
92.5480918513709,388.9109778017483,a
63.11960204035396,360.1925089708596,a
88.20273628012147,413.9374473435904,a
61.15562013616238,418.64673750517034,a
42.894097797175476,375.0231599199492,a
54.0587463083326,395.01977203728364,a
53.57287327463476,405.51067320599043,a
39.224070371568516,377.7286604023669,a
40.68478056330128,411.18977523401423,a
52.69342699339078,416.78052979881477,a
35.99513816908815,422.2096990497564,a
52.88800057622722,385.25210836125757,a
37.06120129935611,375.38267020669883,a
45.427608494416106,397.25948083467165,a
43.971249195699514,305.06944788622826,a
7.654411130693049,323.28314590586666,a
65.80263905197917,356.04597002669004,a
75.86990580651712,330.52596607484264,a
30.88498190342044,286.5861889469738,a
43.50192840805711,338.3421981625593,a
126.96950146471592,336.0399392763651,a
78.30895376019605,318.71409179148327,a
47.054987377470084,343.8153224473494,a
116.14211616067492,310.0978488020171,a
123.5690950720046,354.76076616766863,a
166.87420206644617,311.67808200027883,a
159.62232382414717,355.99285870150584,a
163.6876206498091,388.4293550732872,a
141.66760381837554,398.75777611750317,a
113.63939217206696,365.112604582552,a
133.30919055006797,417.7285683579582,a
99.58078422516557,403.88605137469926,a
135.85919194108138,432.9478205796401,a
138.2221897559719,466.862064579907,a
169.84784685224173,448.4818011879745,a
126.40667641754197,421.60094520975645,a
159.36555986827173,394.5860330539899,a
153.34346634741158,390.2830593418842,a
152.09066256399169,430.8509904237402,a
153.30564073243286,398.96475640287986,a
137.31668922114443,406.4185330061813,a
141.7753743452435,398.20644228741276,a
157.62509571914424,422.7639204472024,a
153.02415949656518,450.96239697540113,a
150.17249968161985,442.5551738127068,a
142.66100970941739,439.0048833510899,a
135.31405437887068,440.0324299043675,a
216.66777037411882,443.64743231521544,a
186.10423638401562,421.76091529961604,a
174.70436127804163,374.753572081264,a
137.80543851486223,409.6465643848268,a
199.93225856209926,410.351235372005,a
177.54421458444784,412.2334938560865,a
175.25475630586976,341.7261083143546,a
153.42793727140617,359.26706443885223,a
129.9746037488748,380.1508953406752,a
128.8674003261127,356.18154289706206,a
123.94327202117933,334.8606805975569,a
127.19921249809559,320.6120923647402,a
135.50543735214129,276.7827284333637,a
112.6503672841415,318.2159321195722,a
89.75607980845845,314.9961287784952,a
144.7324477736896,251.00940714527758,a
180.07487637421895,278.4364163903092,a
139.43581925213167,286.0478014827163,a
105.63224069536506,269.1282373169473,a
150.8066220429405,290.5460453713805,a
164.3808676952839,228.60417266791097,a
169.2713465169482,283.2162460700196,a
150.09762303626877,287.78580462111324,a
146.734785153105,261.38774888740215,a
114.84318580443859,315.7970629312463,a
148.03029764422095,258.8006093870829,a
151.75280254457678,264.99874395582003,a
124.17445955872725,269.5476466920301,a
148.70767488524328,230.87852093752838,a
143.39957998329353,309.1741855921041,a
144.1232410030962,244.39208295108656,a
141.63091624411862,195.63693325377585,a
212.35475422723982,318.21353165898506,a
181.02313809010928,250.92790552790854,a
151.9606965315211,272.3150399721069,a
150.79044739727058,238.28915126336824,a
170.38017203546408,217.7939496710609,a
153.87135728423192,238.09978558518162,a
204.07583096832235,255.1128104567698,a
166.6811791162756,232.73805035079494,a
169.65491478327513,231.71662986108305,a
176.17052635100416,299.60571298374737,a
238.23114274902508,296.32357136278176,a
193.93719370561024,287.54946833715996,a
185.2271552239918,269.4078124828858,a
252.3358482185809,278.1626089266051,a
207.2993731357461,358.5660971000185,a
211.41024587658592,342.70174574204395,a
222.72438270561773,345.1671556781374,a
137.45121773311848,343.65607082497047,a
194.12663204200524,361.4922930200004,a
182.23186299947673,320.9927004286834,a
225.69197331100094,369.81468350093206,a
155.69870338042597,304.29208895138197,a
198.94723880684245,406.31950795503747,a
186.26295215605577,377.1025419829997,a
144.1273934434864,348.6877308816583,a
178.28512575502305,389.4295628200535,a
195.434083855465,400.23535407333924,a
200.52751470557556,389.58055967168957,a
166.72924501178468,369.7549708914904,a
195.69954098621417,406.2802879786619,a
203.89652804167957,333.2267200878009,a
212.20985765281912,359.82965717229644,a
216.83834982452666,376.60478845066564,a
182.62645496828236,354.0485228514468,a
173.12458676830363,414.50413519588,a
184.4505967961823,435.24053362369506,a
221.463579673899,427.38016895656096,a
213.65099677363827,425.8988464694028,a
214.54259598362583,428.1147006541106,a
143.25201159412106,389.4596740098752,a
173.71408717768475,393.9626517287387,a
188.79318741706902,369.69588629554687,a
185.62155514340648,358.08348543070684,a
187.2817474708252,332.40966075594946,a
181.77160103233678,279.75937244091915,a
172.2077450382833,328.42985015083485,a
186.5946034100877,343.94061578044693,a
188.10136325391903,311.1010757346029,a
188.92280335727017,336.15181490313205,a
180.44136710445832,293.40839756827046,a
160.5577353245004,299.2586875706711,a
217.71084717954733,281.8428887377712,a
150.6389069669592,289.4275353124812,a
154.1685591524598,319.1691811514954,a
190.71457650039488,324.83621662269564,a
196.76503333747448,321.3020443812759,a
158.41524846559307,275.7207947698819,a
186.2443822383941,292.4636333680569,a
163.97839327824408,278.7839374334435,a
215.67467694761592,315.2948072520245,a
175.31122234743748,233.87609238142812,a
191.19604976322717,286.87520380198583,a
201.05995097182358,289.3164390160267,a
173.721073444527,303.77098162183745,a
141.91489842094285,301.86610995238243,a
179.2848317755784,278.3110385584233,a
158.61755990003542,336.70591747998634,a
161.4213411949199,305.8448426075431,a
156.8308818656771,306.27352935962404,a
171.72971609248032,316.13143889907974,a
172.7867999778687,318.7389788026745,a
151.7876027419952,330.4706618159357,a
176.30327061577376,318.2594149853821,a
126.21646503343055,332.9621917396097,a
167.17066709810598,295.8505830274365,a
216.28004357013037,293.79605030477,a
185.12088061842354,311.0283664297865,a
177.84845254397698,278.7682173518805,a
174.8369455225938,306.7696397876942,a
195.83760169312674,292.6341311596608,a
231.37341860686234,339.5858981747217,a
203.96467698275845,294.66341397622864,a
204.7223321553558,295.87771192008677,a
166.38381547246345,273.3974676435014,a
169.64770271712607,209.15954022773894,a
143.75070259323908,237.2674045110266,a
113.51125543548855,219.26846815212832,a
143.9954191836191,249.33395669605892,a
91.70019624370633,270.83888379746674,a
118.60624197975628,236.53384433352903,a
76.95381509180653,240.6781442948835,a
90.87945256666819,185.6557201479347,a
119.03626337396403,236.70932250295022,a
122.44692073739233,204.91362093161513,a
93.09857343054101,236.63689860911376,a
160.93002821759208,223.19952171553956,a
101.9742700416405,207.70720782797133,a
189.66687663311052,143.35337724972555,a
155.13932744903798,221.93059048991284,a
116.54162440543871,208.37943157274367,a
121.20668142759891,177.96454756122523,a
58.066947724234794,225.12202973961632,a
159.84269845920102,216.71934121518836,a
130.91374402104216,189.72873223510675,a
85.23521168522534,199.6093571727351,a
158.48581482130106,162.6550622451001,a
173.1230769760688,174.44540982926992,a
114.12893952898874,238.77809073168504,a
112.29309770275114,293.00074254075,a
71.22067978502913,227.26348810761067,a
84.46061020568956,284.3201014307857,a
67.60157217254292,249.56431304703653,a
43.84066192619558,293.0101805960012,a
85.17300846632499,283.59041297943503,a
79.10791765342407,356.7272776458473,a
58.64245830668042,331.47017347348884,a
96.07637097432365,320.4021699510457,a
60.546378052074125,344.6192110512348,a
46.48579669739726,318.73304049413787,a
96.5668618661056,308.0441343419201,a
114.358641697201,243.39836605118734,a
-17.06196215618411,303.12522093744667,a
51.67748361972163,263.6373526836592,a
63.206471344398075,269.6766927523952,a
51.402343670875844,250.56603285294597,a
7.3967308341209375,245.06319467497207,a
-6.108012861655162,302.07969602133153,a
72.68195514397456,287.89426365535854,a
45.79926465561745,256.5035512093908,a
20.708439129481334,276.12308541968946,a
6.260104992449918,287.2054448766054,a
34.28330189148747,295.0920120423508,a
37.017528148496396,215.50577024371393,a
41.38569515981702,265.4431419365618,a
88.8956866479083,262.27928214834014,a
48.86753030925476,239.92879852830362,a
39.93864853499836,236.64864546430198,a
32.78545604893554,235.84509664278693,a
52.24212822968143,278.60473806530297,a
76.98380537196876,242.43242097060602,a
83.27051029793998,253.50612937679355,a
47.93539837755744,237.98580549254444,a
107.79759913678048,204.26042873144308,a
89.79173304252012,214.51985643243836,a
15.321840692358236,192.66018833470628,a
100.61470767718214,208.0368967076147,a
41.05937873213313,190.93057787484025,a
43.855831119845675,207.97520434059078,a
44.72557502575322,153.2226502800164,a
31.0133126455182,206.9433536655162,a
42.586765006515776,172.14901128792008,a
72.53389561855155,215.25421544964257,a
61.71534544864865,152.47625311437264,a
62.3793964222373,214.52651430001492,a
34.604187896031384,168.38411089272273,a
38.074694136731374,156.52790742063348,a
81.95158028738177,162.16613517570534,a
53.30474373695279,171.1739702056169,a
47.63896159309148,153.94292641949062,a
69.62108714116948,160.48821147869376,a
67.33621498098584,165.49717903072775,a
29.935921011247974,146.53672087654718,a
49.545812820727576,160.1838949934721,a
10.854550366098238,160.99559519501736,a
45.16917763091333,110.27653952530937,a
35.911611455054484,158.61269700698335,a
87.2336452207464,161.83501466665138,a
69.53848907146866,127.52490397612206,a
9.381735368376539,138.74979222830086,a
33.29003149530721,100.75917864038337,a
61.161755780488235,80.51827799615307,a
64.73436826512304,107.46501123280353,a
69.46273206643814,115.53796061220623,a
41.07979653829801,129.68797522351423,a
70.49783548857803,132.1971023044938,a
81.06481881505533,116.66871623114889,a
42.733677946260855,157.15145111092403,a
76.82242568386204,140.5630848748034,a
66.39867735501127,50.55512546764413,a
35.60632195037205,165.96132019071803,a
48.52601440101289,104.52064916457488,a
65.56033608102365,128.54886310914623,a
48.04960817638013,92.37673032317679,a
28.659902891831628,76.02543198558374,a
60.750957975832165,160.03132360178017,a
43.084149260480814,105.28125247539089,a
56.42932818016495,150.78984237240434,a
6.350914586218352,102.1316364817381,a
42.90330139787234,93.92336831641086,a
20.870966136872667,104.59283439758491,a
46.18151666403398,82.85129423454845,a
80.20626699191862,47.70556230936177,a
32.74392899603618,80.18488180833288,a
88.62520023994199,129.5654837438562,a
58.49779713559904,95.41299596563715,a
118.71748945420646,113.27261052529911,a
122.65204887539645,123.83824884501689,a
118.97230613027152,90.78940779340451,a
80.22492859979901,34.55892537621406,a
92.36021785819884,100.09849910067908,a
106.60631997183707,74.97528044471773,a
126.5953699823409,99.13668471098191,a
129.7703688498011,78.48991392628079,a
92.48357465315829,104.72398316475591,a
131.5149086808082,104.36426944396777,a
163.55887677265076,120.14691851418843,a
171.97660075289122,154.63925237965924,a
157.40801911296998,82.71308717794443,a
155.75973034278,120.59887221000145,a
135.68345910600567,72.81092554345031,a
129.20003827970342,111.95390515797482,a
175.20163841347963,122.82009143004001,a
187.66716537204593,118.74223307296506,a
98.55432811096503,135.35967675573664,a
224.13269414894452,90.85691459761483,a
199.37021331135222,88.14653955296734,a
225.3828531519223,96.88259466635697,a
108.69844231679943,97.55105665758447,a
138.98416306372792,138.72818596404437,a
188.81698286309074,130.9695131222407,a
175.09476027646213,136.08990379970606,a
206.6953758334233,183.87421061431792,a
156.90616244402935,188.88872691437962,a
186.80931528192625,183.6306407818155,a
194.85817217962742,124.04508394291821,a
209.55411877954833,205.83221288545445,a
191.7643807570884,133.21794957292036,a
194.9271734000911,153.9164375178063,a
170.09448506473922,208.0670017070076,a
182.50326576091442,181.09826762355237,a
212.39641445677086,199.62230937240645,a
179.26209433312906,226.49850856637732,a
221.6765884754717,193.01605723427934,a
170.3741416246928,207.44934289604873,a
194.13317356944566,237.5769072407556,a
215.14127621414065,204.0241034186488,a
211.41490264258732,196.48726240684402,a
191.99048328437607,272.7365118635453,a
242.42283731470303,222.55144778839224,a
207.4459934068534,234.996899954762,a
177.24606101527715,222.55417377329394,a
237.23554735668432,246.2171851644067,a
232.9229574985824,270.54521566551057,a
219.8500112993136,213.36994854623748,a
224.0796645702577,249.96354257328258,a
261.0602831154631,263.06007688579314,a
234.76642964786362,247.48218802158593,a
208.73877400496403,246.25566235568124,a
162.41513382075865,259.7456687770415,a
183.98067891858037,260.57724617284265,a
241.03746493744325,279.25634642374484,a
217.88366226542988,192.1384371210384,a
233.6676659415529,226.82114079731923,a
203.84702691475815,204.61038231802104,a
233.02178265927446,188.0028258738389,a
234.95293360382854,168.86820393593092,a
228.76266299012548,222.69418354667022,a
254.1778886414764,207.80715557597307,a
198.55267677571055,168.2792634422833,a
192.4123582871601,152.57818629520347,a
232.32653622330758,173.3470211029466,a
220.89806025472967,191.57518133230928,a
243.01712968916803,153.88355776169658,a
212.4770882777839,151.30069674877376,a
240.09025987378388,155.57551220321523,a
232.16620879339743,210.08729922753537,a
209.89211636768448,143.42855331065704,a
222.203134829384,114.22157595711604,a
240.98661269017563,111.64398942221169,a
202.74803844874847,133.75260014484206,a
203.4449944319621,172.9618352884881,a
183.7686633472348,135.02218891466123,a
195.54947692834318,64.17118303590632,a
196.20845651238517,115.15993625331066,a
111.51426759483788,138.558601114697,a
185.5967886954736,104.0358723859515,a
244.14163949806317,116.73974277299243,a
208.60427461441404,150.10759117893866,a
228.22891034267008,72.00141042059977,a
141.93784025481546,78.82465643802169,a
215.61571796701355,109.63376902878542,a
207.14140842356107,114.26230055310833,a
191.24190022600348,85.49412942448328,a
168.3899443760207,107.69983822126824,a
171.14913511992754,109.55446773408971,a
132.1123523441285,59.817444316862804,a
194.45232989178362,64.71800318055404,a
184.1140438438303,90.19288748108238,a
168.62108530923413,76.47016206947757,a
186.83689680187078,121.86127036287928,a
186.41206089812076,117.7695818431032,a
179.1728343108341,63.1357414499077,a
119.3080142326746,118.43928972437408,a
158.57215152409051,58.9275684599495,a
141.50056160635424,54.92033207332116,a
133.0944447673121,65.3726543377561,a
123.14388477620878,52.445534939658785,a
180.6296841012424,59.45368098530031,a
152.71328135995145,102.49428425615451,a
130.42896789608582,82.46683616223078,a
102.36977787397021,67.65269961872508,a
147.53574052583764,92.76491951782333,a
170.67631717721963,79.641048356216,a
131.9082238509765,113.61514019319168,a
147.5250067429503,106.66296589559045,a
164.08293181792027,73.93747757549181,a
129.9858632615519,80.93778725449488,a
131.51113065137733,77.13444956117172,a
139.1043845568187,84.2384796392434,a
128.75350483037516,54.993621801698396,a
155.92289755770872,54.76144692200262,a
120.2642006706513,130.40398142175314,a
158.46916678941227,119.58740670321578,a
119.12948649489695,119.81173633780014,a
149.6046985089399,90.01403392885135,a
144.8670734139602,155.09405625115346,a
183.0436260853778,162.54690039727922,a
48.48041732530935,191.6992257399835,a
99.0405049401201,162.6509715883966,a
115.39204412513497,221.06210375144406,a
87.56314895379333,196.61432571399826,a
586.3008737299232,483.36683050243107,b
578.0136729179012,475.56269698357244,b
589.9588365637753,466.9888988928418,b
605.4066496502691,482.4502095690647,b
618.6953924207129,459.7616928225875,b
598.6753077702721,454.20361140963263,b
522.0897132407486,421.86066539838214,b
532.288133345929,433.5879358973932,b
562.4221019387916,421.73144360465204,b
533.0277495671755,449.40553447811436,b
535.4280314380701,501.7465810366637,b
534.3827393848646,435.3327287502059,b
581.4596483706339,481.38725541933115,b
572.3226391918014,465.4974646256302,b
559.1187537320765,454.3607390226099,b
526.4554016412908,465.120993882232,b
523.304496386515,479.9510095201489,b
539.5870932475899,483.8217994709614,b
506.3799825824518,441.96402199568865,b
505.6319051238896,496.77265738255016,b
505.54371192979124,456.51499860411286,b
485.88382464839924,462.8956474485315,b
460.57783884280684,469.0879966416709,b
491.12113599278376,483.82160904031923,b
496.7543519774718,470.20056412023337,b
484.2390371737461,452.2334029311229,b
522.6326851903773,500.15809425317644,b
513.0036471464638,486.14299670328535,b
498.2844082581985,516.7204679725586,b
498.8779825745401,434.8154399709912,b
526.241195055977,410.21569853327435,b
541.0976403545712,426.72927342385077,b
461.17511364975365,488.6966826928409,b
475.5633827998629,470.74088009480676,b
437.0733359376059,440.23303213554334,b
476.2178485163874,471.7520282301607,b
454.37427638641907,451.0597617174176,b
454.9761342580381,448.3535008495594,b
498.30268100402935,466.4486832111726,b
449.26229735338035,473.4377270454135,b
432.26133542176825,421.18898281647057,b
500.8047740148886,450.5310361542629,b
456.94101778090544,440.91497362507266,b
449.26514047106286,445.12521577162613,b
469.26280015553584,452.4031828507673,b
453.12627753799796,429.9371775378322,b
444.55383096852506,497.1614546027713,b
445.5819243504753,463.5873299776668,b
446.98817579746134,457.9913691632897,b
430.77253561776786,462.8955223359393,b
484.05451062057284,433.2262146925232,b
452.1754818648126,441.859664131542,b
409.9834476496062,456.17284389266763,b
435.569491264051,444.9921338263752,b
470.94762684257034,457.40286876694313,b
466.3778316660628,442.78624988935957,b
456.23706882848995,393.74951536186234,b
453.0712806839234,416.95407920267365,b
479.64021251917325,437.1786966060714,b
484.00877446775604,440.52307940178304,b
442.69359601468534,382.7338156068324,b
455.334530145015,423.2385409711442,b
405.3213386762986,420.91711297803914,b
486.0219915861788,380.6420245946417,b
441.36124929638623,400.9790056969134,b
431.3804300309326,428.27948655021515,b
451.9271701522132,398.9337954303634,b
477.3696560437715,381.01262528525,b
441.05568413522974,408.65523066304854,b
462.94863950963304,354.4577090737039,b
448.1404260850681,404.1333790499447,b
460.43048544121774,402.8574515248223,b
424.130686517461,333.4846182623384,b
482.3107377664829,385.9647987858177,b
463.8705927501674,378.0819862220726,b
451.9954047744596,357.6227248416287,b
445.4887074627856,351.97069564153577,b
401.2431163051894,373.7497529806104,b
428.91967196274317,314.85138419005193,b
407.9911460303537,354.2720173862334,b
463.24250192968776,328.41971996495425,b
443.1797313517385,321.7126155193862,b
436.8852952556027,310.606091145047,b
440.7835051697681,317.4693622857774,b
415.6847800494045,299.4812445612283,b
463.85741617211283,324.75758743091603,b
470.72504269802755,336.21696263295746,b
474.72541707650095,299.15225661328486,b
425.20925954838714,326.76775894504794,b
437.75477032573826,286.7583104359318,b
438.84164353396505,332.4086750764751,b
440.64448625812963,302.4281411509433,b
478.2624657031106,283.4325770071668,b
464.351363118979,291.45773379461934,b
429.79462195824965,285.8847233030924,b
433.63538244871677,304.733261971507,b
457.25543107401217,247.04185247752395,b
468.78131725095614,297.14964460173917,b
454.0455071724613,277.2753655606451,b
444.3474363784173,237.04574040474643,b
415.41144304700504,278.0400114988554,b
465.61905365289937,265.7872567768721,b
463.10308754281067,233.87720622064165,b
455.54247176750994,254.0798193761748,b
459.9530911659485,273.9800156724107,b
444.5501304896581,245.21510289725774,b
443.48667789432716,198.08061521424457,b
467.85682239759,269.9932148575979,b
428.83515742188916,200.06684723615774,b
465.99990368490745,230.73630601930836,b
451.84028641828957,214.93626742709597,b
428.04124684440853,183.88426140881023,b
450.9467221452256,212.5029193927403,b
418.3471433326684,184.09556797977348,b
435.4754765529679,241.1006018538335,b
427.93822149295374,187.8624859317448,b
451.2014160691209,217.9857981310995,b
418.3041115836037,205.17617916908142,b
456.16254058360374,190.4693068001493,b
454.93040877619563,218.29528610706114,b
443.73205443935325,202.28437247436398,b
454.0070371909535,179.15048184277754,b
435.1263559022912,235.12968624080827,b
438.09619757719184,174.98829537107366,b
489.8121325815079,192.7055463489413,b
468.1870387119212,243.81827591245815,b
419.63166823939014,137.48195593486423,b
463.9138999544787,237.819874221316,b
448.1658166809049,137.18026907699198,b
434.1285064864222,151.02380768366265,b
441.75371187931773,246.36885481698897,b
422.42554831109857,168.7552452268693,b
505.7128740363549,185.09764551258547,b
509.6784574110292,200.5006400088849,b
432.07535102644886,141.61126442537466,b
466.7531625336253,158.23035438938234,b
467.0157959993639,202.1624662318314,b
456.15599209145694,171.9521614520466,b
475.24080947970856,167.0815133735456,b
445.9055908540569,122.83537107581043,b
465.6510107040108,208.57905153354506,b
444.3001491158184,151.87411497759905,b
453.8132975310297,155.42311676125763,b
453.19235789154214,182.21769283539123,b
436.85024792514923,147.26084997625748,b
442.3999271985328,155.22344580387465,b
472.04372752872797,198.37671370225263,b
415.7193029221019,173.88103057392806,b
447.70761479551703,157.54748266138705,b
457.72994424642184,151.88141826810306,b
493.1109797893271,86.08336033811429,b
444.3373657548161,131.27902352445375,b
445.46927861264885,126.758759864546,b
443.8960161760458,133.21363076790334,b
426.7412298570779,127.72295475465114,b
420.31798064506637,62.61698356349183,b
432.0636374701413,119.84279487034121,b
443.7594847434152,145.6973927734154,b
399.2902168327954,96.74160443557747,b
473.551154004213,106.4709188000229,b
431.17030183221567,142.93828084465707,b
390.25006028697726,83.75076639564713,b
422.1426130887661,105.38483599179693,b
449.06906720610186,58.178532639256275,b
423.9771008177549,96.53249572258892,b
427.89788045476126,106.36536922823188,b
437.5629042082046,80.89556284090037,b
461.7612216705246,78.2332066777991,b
481.5626722402191,99.34187106154036,b
465.4091561962793,71.5748305027513,b
455.8903275009323,56.4153101498224,b
446.0497087748643,113.5587640206927,b
471.4717456240085,81.01117023267415,b
485.22281841313867,38.2508899206922,b
450.94215240548664,64.65170830690323,b
460.80675020296064,96.55941301651023,b
495.7423293882452,60.22838370008316,b
489.8766382035362,34.01449982043232,b
487.47677431444305,104.79147776728564,b
461.5943584522799,59.10976444828867,b
449.14236230832887,77.25746062321446,b
469.47709366655965,73.70027362852812,b
531.2791826533413,83.54032723640915,b
480.80511678509856,80.81696166335854,b
443.29283690954435,135.88084236280383,b
464.0269937070767,74.10086153888585,b
496.7739531780049,63.93796328178996,b
468.3443555682446,18.673687054696984,b
530.095996421289,54.96273952414714,b
524.2142064748585,26.757874698046464,b
471.845669115123,137.0277154060392,b
498.48887167196057,85.51002338487251,b
565.129738021663,99.47426661242781,b
547.9117420020777,37.34296538023284,b
525.0047883224023,67.47205576258358,b
488.4980039770596,101.38790742700792,b
528.5755563782028,71.70221994941119,b
587.7915777011895,119.97503138699017,b
549.7890009273699,69.30482885219578,b
558.1738841668322,89.16011722903102,b
585.7936178613703,63.252134449656126,b
588.850070783172,44.991227759904405,b
594.4133898586549,77.01991175994453,b
594.1674166112898,78.99326770305271,b
636.452356957832,77.498938966536,b
586.9624885674202,57.77605718842608,b
591.0709170309204,35.52186217904119,b
599.7480502492948,59.551703917135626,b
556.1093011429223,72.8572573899923,b
579.828079857869,63.38001575355116,b
613.6263786129648,74.17889044183363,b
600.0415771691653,69.03709565584347,b
638.3463710838913,94.77189791144144,b
703.8236017706931,74.33413181494183,b
619.3949724406497,85.91960823726788,b
644.4505211225763,92.47592452549509,b
631.7857405273043,92.06107911988516,b
657.8548573614416,50.74825583547471,b
590.8770576639369,57.12266089654639,b
639.9981213979752,102.84557560946058,b
592.3607700307332,19.99374881839077,b
664.659504779892,28.15131690992473,b
619.9429708311565,13.427825081228661,b
629.708121285562,73.21906648553562,b
647.142818793467,43.97668681064346,b
639.7022925339083,59.166704836929796,b
660.5120576109996,71.90300086597938,b
633.6224799574222,31.813707546122373,b
644.7719732636767,93.96284026493453,b
649.3562979403317,101.25806967166864,b
619.6533363855199,83.4091977595225,b
646.6862837471565,48.42127789733115,b
667.8025805531879,61.23954536073933,b
664.9611400718704,43.735723612743186,b
653.0031173160802,50.82618787542265,b
651.338160978814,99.4937320149624,b
605.9767877756371,85.82626286068319,b
617.8444387560378,91.32220699665476,b
650.1965038942355,143.68136726928725,b
691.9921017373686,137.99422701815632,b
633.8143345563917,103.71960292469805,b
687.4444226793391,83.60715207098241,b
660.9489724737314,151.5595869206544,b
677.8461802265,141.3192727993091,b
653.1419483418658,127.15650307113452,b
667.2501287185022,183.10848602698098,b
638.7590455698945,151.83089984897333,b
637.344056397764,159.18863317253522,b
662.7405055932795,132.5703382534706,b
681.9934720170205,135.15413671456878,b
637.3347916702737,179.1611487792676,b
643.6163000152195,166.3254099800253,b
649.2082422136201,209.23795853740086,b
648.7326646672153,199.0404761012955,b
697.1709893409964,170.60950945077298,b
698.7118619987189,182.5155083526156,b
626.6140889973648,157.9276895419178,b
674.1167432967471,180.64690338996434,b
706.7459500318394,187.8057374258853,b
644.5623526401143,185.04195830132613,b
634.6042360889581,212.55455876741854,b
689.5633513811168,217.28191305717672,b
677.8814828151098,259.0366311121574,b
696.7078945202745,206.3353925161112,b
669.7665850735104,238.4838764826036,b
660.4176386455766,221.71861917981943,b
646.4851650354909,230.05104953034407,b
694.9710362230259,264.5956636119376,b
670.699168133922,302.2766133887476,b
630.1876613485468,304.88748271327955,b
644.4375042137513,216.7945686820608,b
656.6041919909055,323.166764511822,b
644.1035261204498,278.04781170705974,b
667.0174699128045,290.8002839237713,b
676.1060915021797,305.66051204117946,b
675.9782799588712,306.1803321790054,b
701.2399865294899,326.24069467317463,b
625.8717662722547,270.0529248616174,b
671.6500303895314,309.3418490674194,b
615.5149948851938,320.5503362796866,b
695.5060178151181,294.64852056471875,b
676.9220587965419,332.38454121449615,b
666.7172530374781,382.11698411942945,b
661.8822631869143,326.35356726808345,b
646.9042834208251,304.00818670897706,b
633.8476819155268,330.4455838646958,b
676.0606024157148,314.28382193349336,b
646.6902769472787,351.3459276253757,b
640.0590973557978,349.8884116207043,b
636.5797878147447,355.9077733464113,b
674.2889958478811,305.4997425649516,b
619.6104264425375,342.4053213973069,b
671.3281824523294,341.532384107918,b
673.1328103891199,358.5449480290868,b
676.625243506797,418.3988386870045,b
645.7172792099321,339.17874425924714,b
639.1016929534221,406.151906751502,b
633.796458702833,410.2205725015978,b
651.5449127704159,433.48915822021127,b
655.5279509813519,387.007448158525,b
682.728978500349,423.31773696510174,b
678.2291981945833,390.80756767842456,b
648.9336655594142,387.99453971473065,b
645.5112444892909,419.2585342035792,b
638.039422585667,377.299194272695,b
655.485246166787,443.5009057815654,b
603.5301652839369,425.3572481679695,b
663.8350989136693,446.73409345579637,b
618.94062552682,403.39787001062393,b
663.4817120220023,421.39435865668804,b
646.8975843434882,389.970059889312,b
637.8528055615842,425.93705486456145,b
629.9721154658052,345.61970368796636,b
638.1821710787528,405.57320373013215,b
650.3989597215747,436.74858062092767,b
608.6203518666968,379.4775141336525,b
656.9172491192617,388.29663899841614,b
655.130156920312,430.0729120771531,b
693.9413742729114,404.14173757761796,b
615.040183003923,418.7519073077897,b
623.9421605511054,388.43560719528864,b
639.6936912398256,393.27548949021946,b
654.7315646266661,400.6467778551213,b
644.0768904691425,435.14572536274227,b
632.5887371224231,464.13156043534843,b
615.6639972543994,451.13594967680814,b
616.5974113300712,437.86506492048073,b
614.6006612501129,421.2855084889556,b
638.1684216869417,417.9850958104858,b
583.0393018265011,436.581915681861,b
650.0780674276843,464.4481191446481,b
666.5013652521715,388.9523598456823,b
656.8060159424523,440.8904119367429,b
646.7156576211611,429.93146763478353,b
635.3520721131446,468.49739088604304,b
597.3057253302522,443.2405796060308,b
653.4183254279028,457.8415146920331,b
661.8592258976282,482.95185726321193,b
659.1859140265717,430.71228049501684,b
650.2618930159011,437.75250882439957,b
666.4107440678458,457.71035009876255,b
689.1316936185874,431.5641356942129,b
658.501033755555,462.65726914306344,b
708.0459727012333,442.7797569091826,b
697.9685861850263,425.39953580354603,b
653.4738432590016,474.62234375854075,b
693.9567759920963,438.49454617586844,b
655.4982095742821,462.30967301657614,b
658.2267156642222,427.0805370303113,b
606.1249834107555,458.2576807961506,b
636.1578247692484,446.12725436183024,b
626.7855986132286,430.1967472193993,b
573.7260891772926,433.88496351402927,b
549.410483536745,404.4811064288932,b
567.7827754658202,425.63405540523655,b
498.94508277279135,397.4853471850043,b
534.0610844879434,468.2776455603732,b
505.33716090209674,406.25070833160424,b
575.1645310527455,430.4145436993376,b
554.862280841109,401.4277375184491,b
495.79024300047246,423.4917600893595,b
506.620143157384,391.5117257041524,b
529.4939033844437,416.65894902742673,b
501.1192962155263,432.7807302618403,b
477.23929363737307,410.30774314905904,b
473.44735970264117,420.82330485128506,b
481.9785976890405,390.20696739646525,b
508.09162009937637,379.2980403795744,b
474.47699284902967,454.00558371908534,b
505.3158007022619,418.04839601019245,b
453.4601562122031,397.22098757698006,b
446.3222254476213,388.3818459672166,b
474.0531878848064,427.7763934991139,b
513.1044745175614,431.4961183286361,b
496.58035403812244,405.5580606427211,b
507.6942762275946,377.30640051683406,b
487.2163877851763,396.84349401345304,b
484.1119428602347,424.8552668142345,b
448.2757254011701,416.28020757536603,b
432.4150765867244,404.12130251699034,b
505.85535708763564,424.74139989192486,b
459.50647748751913,406.4895544189478,b
483.00562913079204,410.05117176241765,b
438.1402866599421,437.4398364897979,b
425.85349585655507,404.0266837279717,b
458.1443516218317,432.1765225900509,b
489.89925611253716,439.92912044469193,b
463.4704435138134,386.45752793852967,b
513.3305912222241,335.50189848010086,b
482.26526908109184,377.65130229926973,b
532.0558268616404,370.85030413033314,b
477.5224337743641,372.499284908819,b
535.9479374470345,367.93546089254954,b
552.0995641455609,395.5957583816804,b
521.5033281515941,396.23247008908436,b
545.4256253562509,355.00479759052746,b
615.3423020927087,380.5124341237052,b
543.7539275232027,388.4262477927752,b
557.4703224120406,393.41691852516607,b
582.7538602386933,427.9426047367858,b
581.1383601597178,362.9735647673001,b
591.6249376985014,372.81732187563773,b
589.994892509657,410.88696246203307,b
592.9216823235829,364.3210839850727,b
619.2819394693392,404.760979398127,b
561.9528436593495,409.74512300316474,b
565.1371729276399,447.136327416532,b
598.3594699702828,395.4781973755483,b
585.6861898194071,385.1318900023077,b
601.7039980911569,377.172808472494,b
570.4823993389153,422.93137699524107,b
627.8896279316185,396.5812093617835,b
626.6253608283657,391.79923892899166,b
561.6310894357708,395.4640530361864,b
591.2949756421397,377.60342403668324,b
599.9130562759142,362.32349535843287,b
597.9042047810441,375.1990649929567,b
603.070464001051,363.1561862181777,b
612.4804925437112,417.5109412076987,b
611.541488389486,401.1597109973258,b
641.2338182616148,382.8280060449576,b
608.7405235212807,396.1369218905274,b
611.6114490940305,376.5019183733782,b
643.9892831742912,365.1631567264244,b
611.3679713724414,392.2866468557014,b
638.6634312405981,338.7939900532201,b
641.4571782673676,379.34376017374984,b
616.3353648120774,363.08986717246523,b
600.9938461846295,368.3040457503373,b
638.9743236326331,319.86465712124743,b
631.4073596768986,406.32513337054354,b
643.3812201822756,394.53335289131394,b
614.4055097096463,370.8730249766967,b
606.4810480091287,336.86867433470576,b
592.5844328086577,334.0046591171643,b
585.3789328190877,341.54708597041247,b
532.2200180605969,369.70932516937773,b
558.9142623658197,352.0146118984801,b
504.6436322999277,362.54225758399934,b
471.7965489768366,302.1367970639012,b
513.1993360901236,380.2865153972464,b
533.0548623861279,343.37997371022277,b
519.9955763010771,342.9050705368585,b
503.1291677368903,334.55179632814213,b
563.4313911729523,371.9319884498034,b
511.4416230754426,346.50829286532553,b
476.1863869786273,304.41962755002913,b
508.0420385908153,329.53292024169025,b
507.334697619213,351.4998915532534,b
492.613661024663,344.50147071589004,b
468.8999835649291,372.02300092505106,b
464.4853218656046,316.61323417808774,b
486.0612472476243,379.42329612484394,b
482.9720532380197,322.0085095075544,b
489.72202906341676,325.5365256873057,b
444.6360636341093,323.04434877526285,b
459.24092905212666,291.24794071873157,b
440.79704623952017,376.30818931651015,b
439.78131378502746,337.85708764049593,b
442.4474956501435,334.4443417909057,b
458.29606401898496,284.8559171778613,b
484.4806656971759,362.82104822877926,b
482.9926899869567,350.82935399835725,b
443.01281582578787,348.3437694841412,b
467.2425290450156,314.784443169985,b
504.9526279634222,322.9401187480539,b
493.1257637075107,333.3037929839709,b
459.21296265157974,309.46794304386793,b
505.02600296797016,365.5891039811035,b
442.76999238969324,329.9952975876277,b
436.4895146179384,313.52689250694954,b
466.9831313709951,326.50597871742275,b
513.90459925844,343.106955145007,b
515.3713863662174,320.1409471225209,b
512.0873444133239,328.0666271423096,b
530.3119223486909,319.2616642042692,b
591.0734281233921,321.8591227725328,b
530.3947239046145,300.0382415355299,b
607.3581728318936,299.78628456975275,b
547.8448786714132,328.72385568826417,b
599.1743331629922,322.7627454981398,b
607.2608749471964,311.54549795923936,b
646.1791716797279,269.6451653053581,b
583.120148632028,280.24088735578977,b
627.4606639982821,267.8772516021065,b
631.2460222223531,302.293700724598,b
600.1846488488717,328.39645217062673,b
561.9997982368254,347.3752274461199,b
636.6300766688936,296.3666560910773,b
644.5460856532051,329.09800257361997,b
628.3670536468355,289.66283310124885,b
659.298568564144,257.0668836637403,b
592.3204069679282,281.3998985202541,b
628.9235221645994,301.7689169582836,b
635.5537179858007,278.22658109518215,b
673.983216104767,302.68522874517816,b
638.8524840422289,320.84356635063784,b
622.2764440318481,290.2913203117016,b
604.0036845629475,261.188711043706,b
620.241735285095,296.0284305072262,b
662.7861239353625,285.9577033078519,b
592.4478343891482,265.22407029053835,b
588.8890956634633,289.74117491043665,b
596.8671195508865,376.8832114378459,b
551.285700136104,286.43526066185103,b
533.1629225316652,329.6131835480222,b
574.9484304758141,326.81854034375897,b
482.261049008096,321.4346311645078,b
528.9373612790678,319.3482146041656,b
556.5443837634613,267.2251146252574,b
524.8451221646002,274.42841291436747,b
498.1972851892384,307.5463274772794,b
520.2371897055646,314.79932872617303,b
454.2427027355472,272.54114852295197,b
507.292624430503,310.4778710228637,b
508.33927267468226,298.36870889244176,b
496.36781036799204,309.88974850973494,b
492.39758268684693,293.31194488753823,b
494.9991929419988,289.9264589607369,b
493.280898867536,269.2262895202631,b
480.02785651428445,303.95187426118366,b
452.6808225055344,276.8288564237821,b
479.07984830058,329.533111798469,b
474.5658902673706,316.5499325537779,b
459.31555667649997,262.58439390486376,b
483.7112292370314,270.8589391100286,b
484.9106367124016,238.1637850449692,b
461.4386381635363,266.4950409127134,b
481.1463435607468,253.46716519293216,b
457.25356350887887,318.6661872792528,b
470.48441971780994,274.6986970843338,b
455.45054586721335,310.54721685381526,b
524.2936191242045,336.6790617877971,b
534.2773772409337,251.32621994951958,b
521.1932406861413,278.85298843177594,b
526.6659310326385,284.3698285683327,b
541.9600039307697,253.54858732376402,b
528.6608188328864,220.94296057230758,b
625.417457250882,242.73893526955396,b
592.416937559842,256.4142632074114,b
588.0649904585465,245.03833152216194,b
596.7574223406748,282.6821225480207,b
593.352558524803,247.76110698533822,b
583.2040271074944,269.67129539462894,b
636.5689536669674,218.48549319737702,b
610.9117867694466,272.69892934400696,b
624.6148081104179,268.6594507115537,b
602.8887045413204,275.2666234559054,b
612.6269864464942,242.67604358688573,b
572.1844848456869,256.7120361374191,b
656.3468669066227,236.14122325332806,b
625.7939273246118,249.8975297289544,b
599.7915203651004,268.0615017119232,b
568.2680159758578,222.2747806835642,b
565.86147306438,268.55446892079556,b
569.3350078796547,263.9933510134347,b
513.5438651702921,245.41544700071887,b
511.1092785264383,230.2689421543322,b
517.8499408074703,241.4758946836634,b
511.1358532979309,261.22210078459466,b
528.1310474499717,304.58650343239105,b
530.3068629587076,291.26157865665056,b
580.1019522752848,274.2052063031137,b
489.80305215332095,281.87541436296203,b
566.411371458037,317.20566688514066,b
542.5051096742382,257.90283443605006,b
516.5035646436316,317.17517085685813,b
579.234174089815,263.8705451304196,b
515.9042128223111,282.87622790078893,b
514.6702643017929,234.27932264466733,b
513.6055519037778,285.1671006089214,b
478.1372993992145,272.55578236136387,b
460.5475946850447,216.3911970336742,b
497.4769493330307,212.5108225161033,b
504.61868507688774,255.6135391249336,b
522.9471809623078,188.37507536765708,b
510.17517121461833,260.0040258424934,b
510.8180754062184,276.60559675441334,b
503.51184078556787,209.29311754559592,b
475.88378432308355,202.7929204350438,b
488.4461349161205,210.4410386094554,b
469.4550804084341,222.5735810922917,b
491.16514375537497,220.0031618044676,b
516.4560637691994,216.2371148199332,b
460.1750751056809,206.63125365541225,b
490.34276770426527,217.46976702441606,b
417.50493773130535,236.51412417188914,b
530.7361536355585,219.16285401790287,b
485.930162309534,259.08548692825053,b
527.5997280937784,215.0691112133821,b
472.9201526854818,181.49625253421948,b
485.1574910083871,204.46005282186968,b
545.4846441084482,233.53753665353696,b
548.3129183089543,239.68304513502727,b
604.6534222948573,195.91628887619333,b
608.8723789308584,227.85174388695708,b
625.273660888858,189.83507230325296,b
622.6145482101342,174.06832671151489,b
615.6897552221747,208.6475514309576,b
615.4469164250484,212.9053561178531,b
655.9283021333572,203.41353756219087,b
627.3500376397127,213.00276103314377,b
624.2758618383774,241.47988869179324,b
617.0995528446809,219.8934404623114,b
605.4602912209218,172.45018240677177,b
604.0519844669096,198.50190150403057,b
617.9020201538901,207.4604304148561,b
632.787360593976,186.00033529421808,b
595.5959765484738,200.10519776154035,b
583.72460628072,155.41499245188385,b
561.8889631286518,181.93529601972398,b
565.4987726832877,182.14618126348887,b
530.588236627832,133.36292468105802,b
491.4427708413312,152.74006711868998,b
484.3484883481931,182.95509187867873,b
491.3626383000635,188.4821137534817,b
541.2146434291274,165.5946583454678,b
528.6387700713317,174.94658910986482,b
499.2604904665028,171.84963577967062,b
499.6517945167774,149.73623913755614,b
481.8305386245719,183.91935353457046,b
510.75777600947333,195.47979431821074,b
492.22364283829285,114.73883742374039,b
513.4161858880738,130.7006468381325,b
534.7949471986261,171.77237425280475,b
475.33325035990634,157.84802057138495,b
529.7814584534875,177.65483570289598,b
513.67524557541,126.0279544009324,b
462.9062753945054,164.10647602603825,b
521.379242433398,192.5162189730009,b
535.966299452669,150.33498595927796,b
514.5499408920742,137.7484391527471,b
510.5589651903835,157.6467410832156,b
503.14924649826406,113.1810178921204,b
517.432056627621,144.84313023654943,b
502.18912700728623,183.2047279001307,b
487.6573190207727,167.53472806851056,b
514.6742787966377,180.465637981496,b
526.7635538393604,161.1008929568879,b
520.8938669634306,225.92404268333712,b
540.6682426576024,220.29305068425094,b
590.2518820220109,208.43823184039138,b
536.7885752782609,191.457568752079,b
522.460953846106,222.1898449913627,b
600.165967463227,162.77981101973126,b
595.2253815512955,165.49516427293997,b
555.4115503124347,196.95061621162085,b
542.3193224725085,253.68727217456484,b
551.5809213045642,190.7285458763974,b
532.848243657753,134.56103738876283,b
478.1928422592292,196.09111649580115,b
495.89130000350525,165.46949717720435,b
507.73153908581605,147.92574748216458,b
462.6042247882653,166.77052255677114,b
494.69683721762664,112.27393426935402,b
447.5003130668907,216.67610220968083,b
494.01084882059564,146.66974019412578,b
507.81823091756036,170.15609107222343,b
450.2941423315104,179.1618520346102,b
454.73569363525905,157.1773547411159,b
512.0027084879187,161.31159394122534,b
465.88600761703503,107.5465253720439,b
468.8314345707926,146.04530557642283,b
521.8782164841405,115.52191407396214,b
492.39003623716104,166.48594059989603,b
481.67439749187776,130.1409544893092,b
486.9570039599956,118.6933149800713,b
487.65067325192405,128.0640853539466,b
507.73466859910064,187.44757118553014,b
520.1805504767032,81.61705748042334,b
531.7074822388171,113.61211001882242,b
532.1468775492062,154.893710069429,b
588.5121114348369,100.93515686716972,b
579.6905424929183,107.5047020167417,b
563.0359910220147,73.45011959668233,b
533.060199033119,154.1168946897082,b
563.6748990031501,130.0043800992571,b
597.8309987822607,99.87399473864201,b
596.6701272154666,115.01853927357996,b
561.9779987773732,124.76509174049818,b
573.6235882767397,141.57193641322613,b
640.2883544431827,87.3357046794763,b
570.158044825935,73.3348176627253,b
605.6478212333649,123.23382332261093,b
586.0968131503375,72.46362382039717,b
580.9303532933377,99.86180536536773,b
594.3540928900215,131.61534496336657,b
594.7548891858535,133.95672281871026,b
604.963802051075,121.80394105130961,b
569.2455134348851,136.80226896804447,b
610.9903300411478,135.91798622801645,b
608.0321292726587,113.06417359442446,b
601.8159493880888,144.54695800416033,b
618.2625513712969,142.93769461956072,b
615.0311392080846,144.39310359582242,b
606.3849553131488,88.62082524448567,b
618.5691415294606,131.06971316539898,b
582.2511087592962,96.63573219620815,b
637.1306378960245,107.11694905846775,b
597.1984225394278,119.06623749694228,b
628.1765118107729,137.52331052325303,b
609.0975004459854,188.66596869157837,b
607.3589732486961,140.59227459835392,b
625.7183079592656,145.8323130884371,b
658.1385672017952,120.71586119505804,b
638.7158554783457,143.33219171860986,b
611.1107934733403,160.18499880205036,b
614.9933695045008,142.35252610935487,b
658.9719607099814,165.53513954677976,b
616.1133633757956,158.6789380012445,b
600.8808885768196,195.37701136315252,b
563.9948413655671,221.9505489596079,b
615.2232090709394,218.6963348651587,b
622.6436997898995,198.14843693028234,b
619.656659307032,172.34916511561232,b
610.085263792145,176.6312417038725,b
557.3508907779659,177.33821536921278,b
569.2098802504219,211.85394091929385,b
559.27629937433,196.5898101777729,b
580.8043089004298,229.58161731810708,b
566.6661134439215,262.51241689150913,b
569.6036890230731,256.9954133247416,b
582.3075233030808,288.4741069898454,b
552.5724712209174,277.3546858524111,b
595.3847926319565,327.9909898882678,b
548.3359967261065,260.3223180692271,b
549.935876684551,313.32720706071825,b
563.6422870899514,334.0173978003877,b
544.1977135538538,286.4091060995797,b
603.0456353801287,283.968122326392,b
590.0468253483479,270.6490759281736,b
633.7900760558156,244.52401469858918,b
605.8468109898856,273.9540990952236,b
602.082691616089,267.80322758542354,b
639.5107857140185,236.1982835755495,b
585.5410551500731,207.07783580335297,b
701.6601895073402,179.44370137794004,b
652.8199287368403,197.2727921846552,b
654.9133437104585,197.74448619544233,b
620.9908153017154,164.12187117683692,b
657.52232340066,164.87462960511726,b
689.9983505371274,206.12516202315646,b
615.0893159225284,187.81325831590476,b
644.4545890984904,155.5949144929516,b
621.7434955733167,137.45118803346435,b
680.2867186366603,159.6454159124745,b
620.6755442590061,153.96220880552818,b
618.3100156948802,161.41393481248332,b
649.9271148454944,113.48890643075617,b
588.2432561500821,205.1172777987004,b
660.0010202586616,148.0101352009163,b
619.9302799981238,127.28994924448,b
636.276942282557,102.21498561378405,b
624.9396665454053,107.29499934751476,b
675.9043718605479,135.57060383708813,b
650.3262516813736,115.67758311227954,b
662.0392006827481,116.8874927292635,b
596.6273767373206,68.84692365428776,b
